,LMacro_01,LMacro_02,LMacro_03,LMacro_04,LMacro_05,LMacro_06,LMacro_07,LMacro_08,RMacro_01,RMacro_02,RMacro_03,RMacro_04,RMacro_05,RMacro_06,RMacro_07,RMacro_08
power_delta,120.42555261787395,182.2197724155177,185.03288275314046,161.19505890911034,147.6674340372947,170.14220549649735,171.53442610916696,154.90025294911584,128.15011901101002,321.3645366942932,489.66106233389496,734.1747230695205,667.0531387991234,561.5050249078557,575.9083970461461,571.9756156661426
power_theta,147.31172958556215,179.40572583775804,177.06220604041846,162.05990981686907,150.43553873274877,151.72430971932187,158.96003514674896,169.76030030352732,109.39267087087957,142.23061455285605,119.20508268344321,274.0096103015907,227.72251066968144,219.83305379129476,230.59796286250176,229.7505998964473
power_alpha,69.59180433216378,76.77164826126003,87.01285969638954,80.08284653653529,64.87221080762409,62.279196355258776,70.0982719503474,88.59603543953088,55.35674844289477,124.1487474076495,88.20661926653112,83.38568169281619,78.53161224936078,83.18341310332231,93.53086631048998,93.30820924980304
power_beta,27.51210697249859,39.14721121384673,45.34396520495098,39.17294826562754,26.006096188217327,24.29961974025833,28.397634030366117,38.730216028164854,18.10971470774966,36.212020815144776,25.480039293381,19.352053815544917,16.91883418178236,26.50444937508103,36.07939500814989,39.42194727252056
power_gamma,3.3502193495508155,4.92143949871503,5.795643037765246,4.842164378199197,2.843082662402171,2.6477122070018164,3.4002886219570296,5.31477402281545,3.3247351329598325,4.398228050548531,3.8909518401735066,2.19602374687828,1.9130442916671555,3.1255262332141753,4.565972182340595,5.53280787811011
