,LMacro_01,LMacro_02,LMacro_03,LMacro_04,LMacro_05,LMacro_06,LMacro_07,LMacro_08,RMacro_01,RMacro_02,RMacro_03,RMacro_04,RMacro_05,RMacro_06,RMacro_07,RMacro_08
power_delta,542.4674082061233,137.05111181687133,59.9648912217839,40.656044834608196,32.30074371367918,21.23937816040365,21.885722914122,33.51348267616169,66.80544842690506,25.808527660721925,92.80777532249597,95.80420797353963,167.94290738380215,34.46742241924051,31.741405880750246,32.14992734395162
power_theta,779.1569105644312,459.559067358376,540.6959640818047,117.52291631693096,199.78779658869715,194.40174387926982,173.07493171162548,166.17587752547655,95.73306913886528,116.56366195330675,245.97093001167391,155.44394134562444,129.4390380871449,37.35147360080051,37.0651952291053,41.26411143437527
power_alpha,818.6769361956515,557.8211555798352,709.1889289556644,162.6716073654356,195.23389292895638,191.20768456452026,169.845727386387,152.43442028703453,75.63918587841707,100.24891432360963,164.76475393553565,103.08283951631847,40.9776368446167,18.78568219216605,24.155513741523613,27.725716079953663
power_beta,392.63553455033366,490.14101923664225,761.7211986781972,251.81486380234597,67.6364243599159,54.164846547742336,48.8122785696789,47.97319363582909,23.035472069253384,29.316914265121895,46.365519851626644,30.20323747409167,12.619388132725723,9.876285010064233,12.092804196184847,14.681219490739927
power_gamma,72.50062992917978,122.46216411691111,194.2320468128612,66.59459398479616,8.60498080796146,5.835358482869802,5.8181399031242975,6.273839316422976,2.745237530631609,3.6640496638997297,5.031220684704546,3.512553062912334,2.4979166174289436,2.2185077181256556,2.4053466232396805,2.8769508635652215
